patient_id,letter_text
1,"Ref: AA/11/BBBB
Date Dictd: 09/01/2019
Date Typed: 15/01/2019

Dear Dr. A Andrews

Mr. Bob BURNQUIST D.O.B. 10/10/1976

Date/Time of Appt: 09/01/2019
Clinic: Rheumatology

Reason for attendance:
Follow-up - rheumatoid arthritis

Rheumatological Diagnoses
Inflammatory spondyloarthritis

Non-rheumatological Diagnoses
Osteoporosis

Medications
Sulfasalazine 105gms bd

Observations in Clinic
Blood pressure 120/71 mmHg today

Assessment
I reviewed..."
2,"Ref: CC/22/GGGG
Date Dictd: 05/05/2019
Date Typed: 12/05/2019

Dear Dr. C Clarkson

Mr. D Dancer D.O.B. 10/10/1955

Date/Time of Appt: 05/05/2019
Clinic: Rheumatology

Reason for attendance:
L1 end plate fracture

Diagnosis
Fibromyalgia
Mild Asthma

Current medications
Omeprazole 20mg twice daily

Observations in Clinic
Blood pressure 120/71mmHg today

Actions for GP / Recommendations
Nil

Management Plan (including Actions for Patients)
1. Bloods checked...

Assessment
I reviewed..."
